DELETE FROM `purchases_db`.`departments`;
ALTER TABLE `purchases_db`.`departments` AUTO_INCREMENT = 0;
INSERT INTO `purchases_db`.`departments`
	(`department_name_full`, `department_name_short`)
VALUES
	('Административно-хозяйственный отдел', 'АХО'),
	('Бухгалтерия', 'БХ'),
	('Коммерческий отдел', 'КО'),
	('Отдел автоматизации и телемеханики', 'ОАиТМ'),
	('Отдел бурения и эксплуатации скважин', 'ОБиЭС'),
	('Отдел главного геолога', 'ОГГ'),
	('Отдел главного механика', 'ОГМ'),
	('Отдел главного энергетика', 'ОГЭ'),
	('Отдел информационных технологий', 'ОИТ'),
	('Отдел капитального строительства', 'ОКС'),
	('Отдел реализации', 'ОР'),
	('Отдел техники безопасности', 'ОТБ'),
	('Отдел управления персоналом', 'ОУП'),
	('Отдел экологии и землепользования', 'ОЭиЗП'),
	('Отдел экономической безопасности и режима', 'ОЭБиР'),
	('Производственно-технический отдел', 'ПТО'),
	('Транспортный отдел', 'ТрО'),
	('Финансово-экономический отдел', 'ФЭО');

DELETE FROM `purchases_db`.`products_types`;
ALTER TABLE `purchases_db`.`products_types` AUTO_INCREMENT = 0;
INSERT INTO `purchases_db`.`products_types` (`product_type`)
VALUES
	('товары'),
	('услуги / работы'),
	('смешанный тип');

DELETE FROM `purchases_db`.`purchases_types`;
ALTER TABLE `purchases_db`.`purchases_types` AUTO_INCREMENT = 0;
INSERT INTO `purchases_db`.`purchases_types` (`purchase_type`)
VALUES
	('конкурентный'),
	('неконкурентный');

DELETE FROM `purchases_db`.`events`;
ALTER TABLE `purchases_db`.`events` AUTO_INCREMENT = 0;
INSERT INTO `purchases_db`.`events` (`event_name`)
VALUES
	('Поступление заявки'),
	('Заседание Закупочного органа. Определение формы и порядка проведения закупки'),
	('Размещение закупки'),
	('Окончание сбора коммерческих предложений'),
	('Заседание Закупочного органа. Рассмотрение полученных Коммерческих предложений'),
	('Окончание сбора коммерческих предложений по результатам уторговывания'),
	('Заседание Закупочного органа. Рассмотрение Коммерческих предложений по результатам уторговывания'),
	('Заседание Закупочного органа. Переторжка'),
	('Материалы переданы в подразделение, ответственное за заключение договора. Закупка завершена'),
	('Заседание Закупочного органа. Закупка отменена');

DELETE FROM `purchases_db`.`stages`;
ALTER TABLE `purchases_db`.`stages` AUTO_INCREMENT = 0;
INSERT INTO `purchases_db`.`stages` (`stage_name`)
VALUES
	('Подготовка материалов к заседанию Закупочного органа для определения формы и порядка проведения закупки'),
	('Подготовка Документации о закупке'),
	('Сбор коммерческих предложений'),
	('Подготовка материалов к заседанию Закупочного органа для рассмотрения полученных Коммерческих предложений'),
	('Процедура уторговывания'),
	('Подготовка материалов к заседанию Закупочного органа для рассмотрения полученных Коммерческих предложений по результатам уторговывания'),
	('Подготовка к проведению переторжки'),
	('Победитель процедуры определён, подготовка материалов для передачи в подразделение, ответственное за заключение договора'),
	('Закупка завершена'),
	('Закупка отменена');

DELETE FROM `purchases_db`.`responsible`;
ALTER TABLE `purchases_db`.`responsible` AUTO_INCREMENT = 0;
INSERT INTO `purchases_db`.`responsible`
(`last_name`,
`first_name`,
`middle_name`,
`position`)
VALUES
	('Иванов', 'Иван', 'Иванович', 'Ведущий специалист по закупкам'),
	('Петров ', 'Пётр ', 'Петрович', 'Специалист по закупкам 1-й категории'),
	('Сидорова ', 'Мария ', 'Ивановна', 'Экономист по закупкам 1-й категории');

DELETE FROM `purchases_db`.`procurement_plan`;
ALTER TABLE `purchases_db`.`procurement_plan` AUTO_INCREMENT = 0;
INSERT INTO `purchases_db`.`procurement_plan`
(`reporting_year`,
`number_within_year`,
`purchase_name`,
`departments_id`,
`product_types_id`,
`purchase_types_id`,
`planned_cost_thou_of_rub`,
`date_start`,
`date_finish`)
VALUES
	('2020', 1, 'Закуп образовательных услуг на 2020-й год', 13, 2, 2, 200, '2020-01-13', '2020-02-06'),
	('2020', 2, 'Закуп услуг по организации и сопровождению корпоративных мероприятий на 2020-й год', 13, 2, 1, 2000, '2020-01-13', '2020-02-06'),
	('2020', 3, 'Закуп услуг технического обслуживания автомобильного парка на 2020-й год', 17, 2, 1, 250, '2020-01-20', '2020-02-13'),
	('2020', 4, 'Закуп услуг экологического мониторинга на 2020-й год', 14, 2, 1, 250, '2020-01-27', '2020-02-20'),
	('2020', 5, 'Закуп пропана на 2020-й год', 7, 1, 1, 20, '2020-02-03', '2020-02-27'),
	('2020', 6, 'Закуп кислорода на 2020-й год', 7, 1, 1, 50, '2020-02-10', '2020-03-05'),
	('2020', 7, 'Закуп автобуса на шасси автомобиля повышенной проходимости', 17, 1, 1, 3500, '2020-02-17', '2020-03-12'),
	('2020', 8, 'Закуп устройств птицезащитных и услуг по их монтажу', 8, 3, 1, 1500, '2020-02-24', '2020-03-19'),
	('2020', 9, 'Закуп запорно-регулирующей арматуры на 2020-й год', 7, 1, 1, 1000, '2020-03-02', '2020-03-26'),
	('2020', 10, 'Закуп измерительных приборов и оборудования на 2020-й год', 4, 1, 1, 500, '2020-03-09', '2020-04-02'),
	('2020', 11, 'Закуп электроинструмента, ручного инструмента, расходных материалов на 2020-й год', 7, 1, 1, 500, '2020-03-16', '2020-04-09'),
	('2020', 12, 'Закуп электротехнических материалов и оборудования на 2020-й год', 8, 1, 1, 500, '2020-03-23', '2020-04-16'),
	('2020', 13, 'Закуп услуг по поверке измерительного оборудования на 2020-й год', 4, 2, 1, 150, '2020-03-30', '2020-04-23'),
	('2020', 14, 'Закуп услуг по сбору и вывозу металлолома', 7, 2, 1, 1000, '2020-04-06', '2020-04-30'),
	('2020', 15, 'Закуп аудиторских услуг', 18, 2, 2, 1000, '2020-04-13', '2020-05-07'),
	('2020', 16, 'Закуп полиграфической продукции на 2020-й год', 12, 1, 1, 250, '2020-04-20', '2020-05-14'),
	('2020', 17, 'Закуп работ по ремонту резервуара', 10, 2, 1, 10000, '2020-04-27', '2020-05-21'),
	('2020', 18, 'Закуп канцелярских товаров на 2020-й год', 1, 1, 1, 400, '2020-05-04', '2020-05-28'),
	('2020', 19, 'Закуп услуг аттестации рабочих мест', 12, 2, 1, 250, '2020-05-11', '2020-06-04'),
	('2020', 20, 'Закуп хозяйственно-бытовых товаров на 2020-й год', 1, 1, 1, 250, '2020-05-18', '2020-06-11'),
	('2020', 21, 'Закуп запасных частей и расходных материалов для автомобильной техники на 2020-й год', 17, 1, 1, 500, '2020-05-25', '2020-06-18'),
	('2020', 22, 'Закуп смазочных материалов и технических жидкостей на 2020-й год', 17, 1, 1, 1200, '2020-06-01', '2020-06-25'),
	('2020', 23, 'Закуп лабораторного оборудования и материалов на 2020-й год', 16, 1, 1, 150, '2020-06-08', '2020-07-02'),
	('2020', 24, 'Закуп химических реагентов на 2020-й год', 16, 1, 1, 150, '2020-06-15', '2020-07-09'),
	('2020', 25, 'Закуп услуг по рекультивации земельного участка на 2020-й год', 14, 2, 1, 100000, '2020-06-22', '2020-07-16'),
	('2020', 26, 'Закуп оргтехники, компьютерного оборудования, периферии и расходных материалов на 2020-й год', 9, 1, 1, 500, '2020-06-29', '2020-07-23'),
	('2020', 27, 'Закуп пожарно-технического оборудования и материалов на 2020-й год', 12, 1, 1, 250, '2020-07-06', '2020-07-30'),
	('2020', 28, 'Закуп специальной одежды и СИЗ на 2021-й год', 12, 1, 1, 5000, '2020-07-13', '2020-08-06'),
	('2020', 29, 'Закуп услуг по перевозке конденсата газового на 2021-й год', 3, 2, 1, 100000, '2020-07-20', '2020-08-13'),
	('2020', 30, 'Закуп охранных услуг на 2021-й год', 15, 2, 1, 15000, '2020-07-27', '2020-08-20'),
	('2020', 31, 'Закуп метанола технического на 2021-й год', 3, 1, 1, 80000, '2020-08-03', '2020-08-27'),
	('2020', 32, 'Закуп кейтеринговых услуг на 2021-й год', 1, 2, 1, 5000, '2020-08-10', '2020-09-03'),
	('2020', 33, 'Закуп клининговых услуг на 2021-й год', 1, 2, 1, 2500, '2020-08-17', '2020-09-10'),
	('2020', 34, 'Закуп медицинских услуг на 2021-й год', 12, 2, 1, 1000, '2020-08-24', '2020-09-17'),
	('2020', 35, 'Закуп услуг санаторно-курортного лечения на 2021-й год', 13, 2, 1, 12000, '2020-08-31', '2020-09-24'),
	('2020', 36, 'Закуп топлива дизельного на 2021-й год', 17, 1, 1, 20000, '2020-09-07', '2020-10-01'),
	('2020', 37, 'Закуп бензина на 2021-й год', 17, 1, 1, 5000, '2020-09-14', '2020-10-08'),
	('2020', 38, 'Закупу услуг по бурению скважин', 5, 2, 1, 1400000, '2020-09-21', '2020-10-15'),
	('2020', 39, 'Закуп услуг по геофизическому исследованию площади', 6, 2, 1, 400000, '2020-09-28', '2020-10-22'),
	('2020', 40, 'Закуп услуг вневедомственной охраны на 2021-й год', 15, 2, 2, 150, '2020-10-05', '2020-10-29'),
	('2020', 41, 'Закуп информационных услуг на 2021-й год', 15, 2, 2, 20, '2020-10-12', '2020-11-05'),
	('2020', 42, 'Закуп услуг пожарной охраны на 2021-й год', 12, 2, 1, 1000, '2020-10-19', '2020-11-12'),
	('2020', 43, 'Закуп услуг таможенного сопровождения на 2021-й год', 11, 2, 1, 250, '2020-10-26', '2020-11-19'),
	('2020', 44, 'Закуп услуг брокера на 2021-й год', 11, 2, 2, 250, '2020-11-02', '2020-11-26'),
	('2020', 45, 'Закуп услуг по сопровождению программного обеспечения на 2021-й год', 9, 2, 2, 50, '2020-11-09', '2020-12-03'),
	('2021', 1, 'Закуп образовательных услуг на 2021-й год', 13, 2, 2, 220, '2021-01-11', '2021-02-04'),
	('2021', 2, 'Закуп услуг по организации и сопровождению корпоративных мероприятий на 2021-й год', 13, 2, 1, 2200, '2021-01-18', '2021-02-11'),
	('2021', 3, 'Закуп услуг технического обслуживания автомобильного парка на 2021-й год', 17, 2, 1, 275, '2021-01-25', '2021-02-18'),
	('2021', 4, 'Закуп услуг экологического мониторинга на 2021-й год', 14, 2, 1, 275, '2021-02-01', '2021-02-25'),
	('2021', 5, 'Закуп пропана на 2021-й год', 7, 1, 1, 22, '2021-02-08', '2021-03-04'),
	('2021', 6, 'Закуп кислорода на 2021-й год', 7, 1, 1, 55, '2021-02-15', '2021-03-11'),
	('2021', 7, 'Закуп запорно-регулирующей арматуры на 2021-й год', 7, 1, 1, 1100, '2021-02-22', '2021-03-18'),
	('2021', 8, 'Закуп измерительных приборов и оборудования на 2021-й год', 4, 1, 1, 550, '2021-03-01', '2021-03-25'),
	('2021', 9, 'Закуп электроинструмента, ручного инструмента, расходных материалов на 2021-й год', 7, 1, 1, 550, '2021-03-08', '2021-04-01'),
	('2021', 10, 'Закуп электротехнических материалов и оборудования на 2021-й год', 8, 1, 1, 550, '2021-03-15', '2021-04-08'),
	('2021', 11, 'Закуп работ по обустройству эстакады', 10, 2, 1, 5000, '2021-03-22', '2021-04-15'),
	('2021', 12, 'Закуп услуг по поверке измерительного оборудования на 2021-й год', 4, 2, 1, 165, '2021-03-29', '2021-04-22'),
	('2021', 13, 'Закуп знаков дорожных', 10, 1, 1, 50, '2021-04-05', '2021-04-29'),
	('2021', 14, 'Закуп услуг по испытаниям насосов гидравлических на 2021-й год', 7, 2, 1, 55, '2021-04-12', '2021-05-06'),
	('2021', 15, 'Закуп полиграфической продукции на 2021-й год', 12, 1, 1, 275, '2021-04-19', '2021-05-13'),
	('2021', 16, 'Закуп канцелярских товаров на 2021-й год', 1, 1, 1, 440, '2021-04-26', '2021-05-20'),
	('2021', 17, 'Закуп хозяйственно-бытовых товаров на 2021-й год', 1, 1, 1, 275, '2021-05-03', '2021-05-27'),
	('2021', 18, 'Закуп запасных частей и расходных материалов для автомобильной техники на 2021-й год', 17, 1, 1, 550, '2021-05-10', '2021-06-03'),
	('2021', 19, 'Закуп смазочных материалов и технических жидкостей на 2021-й год', 17, 1, 1, 1320, '2021-05-17', '2021-06-10'),
	('2021', 20, 'Закуп лабораторного оборудования и материалов на 2021-й год', 16, 1, 1, 165, '2021-05-24', '2021-06-17'),
	('2021', 21, 'Закуп химических реагентов на 2021-й год', 16, 1, 1, 165, '2021-05-31', '2021-06-24'),
	('2021', 22, 'Закуп услуг по рекультивации земельного участка на 2021-й год', 14, 2, 1, 110000, '2021-06-07', '2021-07-01'),
	('2021', 23, 'Закуп оргтехники, компьютерного оборудования, периферии и расходных материалов на 2021-й год', 9, 1, 1, 550, '2021-06-14', '2021-07-08'),
	('2021', 24, 'Закуп пожарно-технического оборудования и материалов на 2021-й год', 12, 1, 1, 275, '2021-06-21', '2021-07-15'),
	('2021', 25, 'Закуп специальной одежды и СИЗ на 2022-й год', 12, 1, 1, 5500, '2021-06-28', '2021-07-22'),
	('2021', 26, 'Закуп услуг по перевозке конденсата газового на 2022-й год', 3, 2, 1, 110000, '2021-07-05', '2021-07-29'),
	('2021', 27, 'Закуп охранных услуг на 2022-й год', 15, 2, 1, 16500, '2021-07-12', '2021-08-05'),
	('2021', 28, 'Закуп метанола технического на 2022-й год', 3, 1, 1, 88000, '2021-07-19', '2021-08-12'),
	('2021', 29, 'Закуп кейтеринговых услуг на 2022-й год', 1, 2, 1, 5500, '2021-07-26', '2021-08-19'),
	('2021', 30, 'Закуп клининговых услуг на 2022-й год', 1, 2, 1, 2750, '2021-08-02', '2021-08-26'),
	('2021', 31, 'Закуп медицинских услуг на 2022-й год', 12, 2, 1, 1100, '2021-08-09', '2021-09-02'),
	('2021', 32, 'Закуп услуг санаторно-курортного лечения на 2022-й год', 13, 2, 1, 13200, '2021-08-16', '2021-09-09'),
	('2021', 33, 'Закуп топлива дизельного на 2022-й год', 17, 1, 1, 22000, '2021-08-23', '2021-09-16'),
	('2021', 34, 'Закуп бензина на 2022-й год', 17, 1, 1, 370, '2021-08-30', '2021-09-23'),
	('2021', 35, 'Закуп услуг вневедомственной охраны на 2022-й год', 15, 2, 2, 165, '2021-09-06', '2021-09-30'),
	('2021', 36, 'Закуп информационных услуг на 2022-й год', 15, 2, 2, 22, '2021-09-13', '2021-10-07'),
	('2021', 37, 'Закуп услуг по пробной эксплуатации скважин', 5, 2, 1, 400000, '2021-09-20', '2021-10-14'),
	('2021', 38, 'Закуп услуг по обследованию скважин', 5, 2, 1, 150000, '2021-09-27', '2021-10-21'),
	('2021', 39, 'Закуп услуг по пробной эксплуатации скважин', 5, 2, 1, 500000, '2021-10-04', '2021-10-28'),
	('2021', 40, 'Закуп услуг пожарной охраны на 2022-й год', 12, 2, 1, 1100, '2021-10-11', '2021-11-04'),
	('2021', 41, 'Закуп услуг таможенного сопровождения на 2022-й год', 11, 2, 1, 275, '2021-10-18', '2021-11-11'),
	('2021', 42, 'Закуп услуг брокера на 2022-й год', 11, 2, 2, 275, '2021-10-25', '2021-11-18'),
	('2021', 43, 'Закуп услуг по сопровождению программного обеспечения на 2022-й год', 9, 2, 2, 55, '2021-11-01', '2021-11-25');

DELETE FROM `purchases_db`.`other_procurement_register`;
ALTER TABLE `purchases_db`.`other_procurement_register` AUTO_INCREMENT = 0;
INSERT INTO `purchases_db`.`other_procurement_register`
(`reporting_year`,
`number_within_year`,
`purchase_name`,
`departments_id`,
`product_types_id`,
`purchase_types_id`,
`planned_cost_thou_of_rub`)
VALUES
	('2020', 1, 'Закуп станции насосной', 7, 1, 2, 250),
	('2020', 2, 'Закуп приборов учета точки росы и температуры конденсации углеводородов, шефмонтажных и пусконаладочных работ', 4, 3, 2, 1500),
	('2020', 3, 'Закуп трансформатора', 8, 1, 2, 3000);

DELETE FROM `purchases_db`.`purchases`;
ALTER TABLE `purchases_db`.`purchases` AUTO_INCREMENT = 0;
INSERT INTO `purchases_db`.`purchases`
	(`procurement_plan_id`,
    `other_procurement_register_id`)
VALUES
	(1, NULL),
	(2, NULL),
	(3, NULL),
	(4, NULL),
	(5, NULL),
	(6, NULL),
	(7, NULL),
	(8, NULL),
	(9, NULL),
	(10, NULL),
	(11, NULL),
	(12, NULL),
	(13, NULL),
	(14, NULL),
	(NULL, 1),
	(15, NULL),
	(16, NULL),
	(17, NULL),
	(18, NULL),
	(19, NULL),
	(20, NULL),
	(21, NULL),
	(22, NULL),
	(23, NULL),
	(NULL, 2),
	(NULL, 3),
	(24, NULL),
	(25, NULL),
	(26, NULL),
	(27, NULL),
	(28, NULL),
	(29, NULL),
	(30, NULL),
	(31, NULL),
	(32, NULL),
	(33, NULL),
	(34, NULL),
	(35, NULL),
	(36, NULL),
	(37, NULL),
	(38, NULL),
	(39, NULL),
	(40, NULL),
	(41, NULL),
	(42, NULL),
	(43, NULL),
	(44, NULL),
	(45, NULL),
	(46, NULL),
	(47, NULL),
	(48, NULL),
	(49, NULL),
	(50, NULL),
	(51, NULL),
	(52, NULL),
	(53, NULL),
	(54, NULL),
	(55, NULL),
	(56, NULL),
	(57, NULL),
	(58, NULL);

DELETE FROM `purchases_db`.`purchase_status`;
ALTER TABLE `purchases_db`.`purchase_status` AUTO_INCREMENT = 0;
INSERT INTO `purchases_db`.`purchase_status`
(`purchases_id`,
`events_id`,
`date`,
`stages_id`,
`approximate_date`,
`responsible_id`)
VALUES
	(1, 1, '2020-01-13', 1, '2020-01-15', 3),
	(2, 1, '2020-01-13', 1, '2020-01-15', 3),
	(1, 2, '2020-01-15', 2, '2020-01-16', 3),
	(2, 2, '2020-01-15', 2, '2020-01-16', 3),
	(1, 3, '2020-01-16', 3, '2020-01-27', 3),
	(2, 3, '2020-01-16', 3, '2020-01-27', 3),
	(3, 1, '2020-01-20', 1, '2020-01-22', 2),
	(3, 2, '2020-01-22', 2, '2020-01-23', 2),
	(3, 3, '2020-01-23', 3, '2020-02-03', 2),
	(1, 4, '2020-01-27', 4, '2020-01-29', 3),
	(2, 4, '2020-01-27', 4, '2020-01-29', 3),
	(4, 1, '2020-01-27', 1, '2020-01-29', 3),
	(1, 5, '2020-01-29', 5, '2020-01-31', 3),
	(2, 5, '2020-01-29', 5, '2020-01-31', 3),
	(4, 2, '2020-01-29', 2, '2020-01-30', 3),
	(4, 3, '2020-01-30', 3, '2020-02-10', 3),
	(1, 6, '2020-01-31', 6, '2020-02-03', 3),
	(2, 6, '2020-01-31', 6, '2020-02-03', 3),
	(1, 7, '2020-02-03', 7, '2020-02-05', 3),
	(2, 7, '2020-02-03', 7, '2020-02-05', 3),
	(3, 4, '2020-02-03', 4, '2020-02-05', 2),
	(5, 1, '2020-02-03', 1, '2020-02-05', 2),
	(1, 8, '2020-02-05', 8, '2020-02-06', 3),
	(2, 8, '2020-02-05', 8, '2020-02-06', 3),
	(3, 5, '2020-02-05', 5, '2020-02-07', 2),
	(5, 2, '2020-02-05', 2, '2020-02-06', 2),
	(1, 9, '2020-02-06', 9, '2020-02-06', 3),
	(2, 9, '2020-02-06', 9, '2020-02-06', 3),
	(5, 3, '2020-02-06', 3, '2020-02-17', 2),
	(3, 6, '2020-02-07', 6, '2020-02-10', 2),
	(3, 7, '2020-02-10', 7, '2020-02-12', 2),
	(4, 4, '2020-02-10', 4, '2020-02-12', 3),
	(6, 1, '2020-02-10', 1, '2020-02-12', 2),
	(3, 8, '2020-02-12', 8, '2020-02-13', 2),
	(4, 5, '2020-02-12', 5, '2020-02-14', 3),
	(6, 2, '2020-02-12', 2, '2020-02-13', 2),
	(3, 9, '2020-02-13', 9, '2020-02-13', 2),
	(6, 3, '2020-02-13', 3, '2020-02-24', 2),
	(4, 6, '2020-02-14', 6, '2020-02-17', 3),
	(4, 7, '2020-02-17', 7, '2020-02-19', 3),
	(5, 4, '2020-02-17', 4, '2020-02-19', 2),
	(7, 1, '2020-02-17', 1, '2020-02-19', 1),
	(4, 8, '2020-02-19', 8, '2020-02-20', 3),
	(5, 5, '2020-02-19', 5, '2020-02-21', 2),
	(7, 2, '2020-02-19', 2, '2020-02-20', 1),
	(4, 9, '2020-02-20', 9, '2020-02-20', 3),
	(7, 3, '2020-02-20', 3, '2020-03-02', 1),
	(5, 6, '2020-02-21', 6, '2020-02-24', 2),
	(5, 7, '2020-02-24', 7, '2020-02-26', 2),
	(6, 4, '2020-02-24', 4, '2020-02-26', 2),
	(8, 1, '2020-02-24', 1, '2020-02-26', 1),
	(5, 8, '2020-02-26', 8, '2020-02-27', 2),
	(6, 5, '2020-02-26', 5, '2020-02-28', 2),
	(8, 2, '2020-02-26', 2, '2020-02-27', 1),
	(5, 9, '2020-02-27', 9, '2020-02-27', 2),
	(8, 3, '2020-02-27', 3, '2020-03-09', 1),
	(6, 6, '2020-02-28', 6, '2020-03-02', 2),
	(6, 7, '2020-03-02', 7, '2020-03-04', 2),
	(7, 4, '2020-03-02', 4, '2020-03-04', 1),
	(9, 1, '2020-03-02', 1, '2020-03-04', 1),
	(6, 8, '2020-03-04', 8, '2020-03-05', 2),
	(7, 5, '2020-03-04', 5, '2020-03-06', 1),
	(9, 2, '2020-03-04', 2, '2020-03-05', 1),
	(6, 9, '2020-03-05', 9, '2020-03-05', 2),
	(9, 3, '2020-03-05', 3, '2020-03-16', 1),
	(7, 6, '2020-03-06', 6, '2020-03-09', 1),
	(7, 7, '2020-03-09', 7, '2020-03-11', 1),
	(8, 4, '2020-03-09', 4, '2020-03-11', 1),
	(10, 1, '2020-03-09', 1, '2020-03-11', 2),
	(7, 8, '2020-03-11', 8, '2020-03-12', 1),
	(8, 5, '2020-03-11', 5, '2020-03-13', 1),
	(10, 2, '2020-03-11', 2, '2020-03-12', 2),
	(7, 9, '2020-03-12', 9, '2020-03-12', 1),
	(10, 3, '2020-03-12', 3, '2020-03-23', 2),
	(8, 6, '2020-03-13', 6, '2020-03-16', 1),
	(8, 7, '2020-03-16', 7, '2020-03-18', 1),
	(9, 4, '2020-03-16', 4, '2020-03-18', 1),
	(11, 1, '2020-03-16', 1, '2020-03-18', 1),
	(8, 8, '2020-03-18', 8, '2020-03-19', 1),
	(9, 5, '2020-03-18', 5, '2020-03-20', 1),
	(11, 2, '2020-03-18', 2, '2020-03-19', 1),
	(8, 9, '2020-03-19', 9, '2020-03-19', 1),
	(11, 3, '2020-03-19', 3, '2020-03-30', 1),
	(9, 6, '2020-03-20', 6, '2020-03-23', 1),
	(9, 7, '2020-03-23', 7, '2020-03-25', 1),
	(10, 4, '2020-03-23', 4, '2020-03-25', 2),
	(12, 1, '2020-03-23', 1, '2020-03-25', 1),
	(9, 8, '2020-03-25', 8, '2020-03-26', 1),
	(10, 5, '2020-03-25', 5, '2020-03-27', 2),
	(12, 2, '2020-03-25', 2, '2020-03-26', 1),
	(9, 9, '2020-03-26', 9, '2020-03-26', 1),
	(12, 3, '2020-03-26', 3, '2020-04-06', 1),
	(10, 6, '2020-03-27', 6, '2020-03-30', 2),
	(10, 7, '2020-03-30', 7, '2020-04-01', 2),
	(11, 4, '2020-03-30', 4, '2020-04-01', 1),
	(13, 1, '2020-03-30', 1, '2020-04-01', 3),
	(10, 8, '2020-04-01', 8, '2020-04-02', 2),
	(11, 5, '2020-04-01', 5, '2020-04-03', 1),
	(13, 2, '2020-04-01', 2, '2020-04-02', 3),
	(10, 9, '2020-04-02', 9, '2020-04-02', 2),
	(13, 3, '2020-04-02', 3, '2020-04-13', 3),
	(11, 6, '2020-04-03', 6, '2020-04-06', 1),
	(11, 7, '2020-04-06', 7, '2020-04-08', 1),
	(12, 4, '2020-04-06', 4, '2020-04-08', 1),
	(14, 1, '2020-04-06', 1, '2020-04-08', 1),
	(15, 1, '2020-04-06', 1, '2020-04-08', 1),
	(11, 8, '2020-04-08', 8, '2020-04-09', 1),
	(12, 5, '2020-04-08', 5, '2020-04-10', 1),
	(14, 2, '2020-04-08', 2, '2020-04-09', 1),
	(15, 2, '2020-04-08', 2, '2020-04-09', 1),
	(11, 9, '2020-04-09', 9, '2020-04-09', 1),
	(14, 3, '2020-04-09', 3, '2020-04-20', 1),
	(15, 3, '2020-04-09', 3, '2020-04-20', 1),
	(12, 6, '2020-04-10', 6, '2020-04-13', 1),
	(12, 7, '2020-04-13', 7, '2020-04-15', 1),
	(13, 4, '2020-04-13', 4, '2020-04-15', 3),
	(16, 1, '2020-04-13', 1, '2020-04-15', 3),
	(12, 8, '2020-04-15', 8, '2020-04-16', 1),
	(13, 5, '2020-04-15', 5, '2020-04-17', 3),
	(16, 2, '2020-04-15', 2, '2020-04-16', 3),
	(12, 9, '2020-04-16', 9, '2020-04-16', 1),
	(16, 3, '2020-04-16', 3, '2020-04-27', 3),
	(13, 6, '2020-04-17', 6, '2020-04-20', 3),
	(13, 7, '2020-04-20', 7, '2020-04-22', 3),
	(14, 4, '2020-04-20', 4, '2020-04-22', 1),
	(15, 4, '2020-04-20', 4, '2020-04-22', 1),
	(17, 1, '2020-04-20', 1, '2020-04-22', 3),
	(13, 8, '2020-04-22', 8, '2020-04-23', 3),
	(14, 5, '2020-04-22', 5, '2020-04-24', 1),
	(15, 5, '2020-04-22', 5, '2020-04-24', 1),
	(17, 2, '2020-04-22', 2, '2020-04-23', 3),
	(13, 9, '2020-04-23', 9, '2020-04-23', 3),
	(17, 3, '2020-04-23', 3, '2020-05-04', 3),
	(14, 6, '2020-04-24', 6, '2020-04-27', 1),
	(15, 6, '2020-04-24', 6, '2020-04-27', 1),
	(14, 7, '2020-04-27', 7, '2020-04-29', 1),
	(15, 7, '2020-04-27', 7, '2020-04-29', 1),
	(16, 4, '2020-04-27', 4, '2020-04-29', 3),
	(18, 1, '2020-04-27', 1, '2020-04-29', 1),
	(14, 8, '2020-04-29', 8, '2020-04-30', 1),
	(15, 8, '2020-04-29', 8, '2020-04-30', 1),
	(16, 5, '2020-04-29', 5, '2020-05-01', 3),
	(18, 2, '2020-04-29', 2, '2020-04-30', 1),
	(14, 10, '2020-04-30', 10, '2020-04-30', 1),
	(15, 9, '2020-04-30', 9, '2020-04-30', 1),
	(18, 3, '2020-04-30', 3, '2020-05-11', 1),
	(16, 6, '2020-05-01', 6, '2020-05-04', 3),
	(16, 7, '2020-05-04', 7, '2020-05-06', 3),
	(17, 4, '2020-05-04', 4, '2020-05-06', 3),
	(19, 1, '2020-05-04', 1, '2020-05-06', 2),
	(16, 8, '2020-05-06', 8, '2020-05-07', 3),
	(17, 5, '2020-05-06', 5, '2020-05-08', 3),
	(19, 2, '2020-05-06', 2, '2020-05-07', 2),
	(16, 9, '2020-05-07', 9, '2020-05-07', 3),
	(19, 3, '2020-05-07', 3, '2020-05-18', 2),
	(17, 6, '2020-05-08', 6, '2020-05-11', 3),
	(17, 7, '2020-05-11', 7, '2020-05-13', 3),
	(18, 4, '2020-05-11', 4, '2020-05-13', 1),
	(20, 1, '2020-05-11', 1, '2020-05-13', 3),
	(17, 8, '2020-05-13', 8, '2020-05-14', 3),
	(18, 5, '2020-05-13', 5, '2020-05-15', 1),
	(20, 2, '2020-05-13', 2, '2020-05-14', 3),
	(17, 9, '2020-05-14', 9, '2020-05-14', 3),
	(20, 3, '2020-05-14', 3, '2020-05-25', 3),
	(18, 6, '2020-05-15', 6, '2020-05-18', 1),
	(18, 7, '2020-05-18', 7, '2020-05-20', 1),
	(19, 4, '2020-05-18', 4, '2020-05-20', 2),
	(21, 1, '2020-05-18', 1, '2020-05-20', 2),
	(18, 8, '2020-05-20', 8, '2020-05-21', 1),
	(19, 5, '2020-05-20', 5, '2020-05-22', 2),
	(21, 2, '2020-05-20', 2, '2020-05-21', 2),
	(18, 9, '2020-05-21', 9, '2020-05-21', 1),
	(21, 3, '2020-05-21', 3, '2020-06-01', 2),
	(19, 6, '2020-05-22', 6, '2020-05-25', 2),
	(19, 7, '2020-05-25', 7, '2020-05-27', 2),
	(20, 4, '2020-05-25', 4, '2020-05-27', 3),
	(22, 1, '2020-05-25', 1, '2020-05-27', 2),
	(19, 8, '2020-05-27', 8, '2020-05-28', 2),
	(20, 5, '2020-05-27', 5, '2020-05-29', 3),
	(22, 2, '2020-05-27', 2, '2020-05-28', 2),
	(19, 9, '2020-05-28', 9, '2020-05-28', 2),
	(22, 3, '2020-05-28', 3, '2020-06-08', 2),
	(20, 6, '2020-05-29', 6, '2020-06-01', 3),
	(20, 7, '2020-06-01', 7, '2020-06-03', 3),
	(21, 4, '2020-06-01', 4, '2020-06-03', 2),
	(23, 1, '2020-06-01', 1, '2020-06-03', 1),
	(20, 8, '2020-06-03', 8, '2020-06-04', 3),
	(21, 5, '2020-06-03', 5, '2020-06-05', 2),
	(23, 2, '2020-06-03', 2, '2020-06-04', 1),
	(20, 9, '2020-06-04', 9, '2020-06-04', 3),
	(23, 3, '2020-06-04', 3, '2020-06-15', 1),
	(21, 6, '2020-06-05', 6, '2020-06-08', 2),
	(21, 7, '2020-06-08', 7, '2020-06-10', 2),
	(22, 4, '2020-06-08', 4, '2020-06-10', 2),
	(24, 1, '2020-06-08', 1, '2020-06-10', 3),
	(25, 1, '2020-06-08', 1, '2020-06-10', 1),
	(26, 1, '2020-06-08', 1, '2020-06-10', 2),
	(21, 8, '2020-06-10', 8, '2020-06-11', 2),
	(22, 5, '2020-06-10', 5, '2020-06-12', 2),
	(24, 2, '2020-06-10', 2, '2020-06-11', 3),
	(25, 2, '2020-06-10', 2, '2020-06-11', 1),
	(26, 2, '2020-06-10', 2, '2020-06-11', 2),
	(21, 9, '2020-06-11', 9, '2020-06-11', 2),
	(24, 3, '2020-06-11', 3, '2020-06-22', 3),
	(25, 3, '2020-06-11', 3, '2020-06-22', 1),
	(26, 3, '2020-06-11', 3, '2020-06-22', 2),
	(22, 6, '2020-06-12', 6, '2020-06-15', 2),
	(22, 7, '2020-06-15', 7, '2020-06-17', 2),
	(23, 4, '2020-06-15', 4, '2020-06-17', 1),
	(27, 1, '2020-06-15', 1, '2020-06-17', 3),
	(22, 8, '2020-06-17', 8, '2020-06-18', 2),
	(23, 5, '2020-06-17', 5, '2020-06-19', 1),
	(27, 2, '2020-06-17', 2, '2020-06-18', 3),
	(22, 9, '2020-06-18', 9, '2020-06-18', 2),
	(27, 3, '2020-06-18', 3, '2020-06-29', 3),
	(23, 6, '2020-06-19', 6, '2020-06-22', 1),
	(23, 7, '2020-06-22', 7, '2020-06-24', 1),
	(24, 4, '2020-06-22', 4, '2020-06-24', 3),
	(25, 4, '2020-06-22', 4, '2020-06-24', 1),
	(26, 4, '2020-06-22', 4, '2020-06-24', 2),
	(28, 1, '2020-06-22', 1, '2020-06-24', 1),
	(23, 8, '2020-06-24', 8, '2020-06-25', 1),
	(24, 5, '2020-06-24', 5, '2020-06-26', 3),
	(25, 5, '2020-06-24', 5, '2020-06-26', 1),
	(26, 5, '2020-06-24', 5, '2020-06-26', 2),
	(28, 2, '2020-06-24', 2, '2020-06-25', 1),
	(23, 9, '2020-06-25', 9, '2020-06-25', 1),
	(28, 3, '2020-06-25', 3, '2020-07-06', 1),
	(24, 6, '2020-06-26', 6, '2020-06-29', 3),
	(25, 6, '2020-06-26', 6, '2020-06-29', 1),
	(26, 6, '2020-06-26', 6, '2020-06-29', 2),
	(24, 7, '2020-06-29', 7, '2020-07-01', 3),
	(25, 7, '2020-06-29', 7, '2020-07-01', 1),
	(26, 7, '2020-06-29', 7, '2020-07-01', 2),
	(27, 4, '2020-06-29', 4, '2020-07-01', 3),
	(29, 1, '2020-06-29', 1, '2020-07-01', 2),
	(24, 8, '2020-07-01', 8, '2020-07-02', 3),
	(25, 8, '2020-07-01', 8, '2020-07-02', 1),
	(26, 8, '2020-07-01', 8, '2020-07-02', 2),
	(27, 5, '2020-07-01', 5, '2020-07-03', 3),
	(29, 2, '2020-07-01', 2, '2020-07-02', 2),
	(24, 9, '2020-07-02', 9, '2020-07-02', 3),
	(25, 9, '2020-07-02', 9, '2020-07-02', 1),
	(26, 9, '2020-07-02', 9, '2020-07-02', 2),
	(29, 3, '2020-07-02', 3, '2020-07-13', 2),
	(27, 6, '2020-07-03', 6, '2020-07-06', 3),
	(27, 7, '2020-07-06', 7, '2020-07-08', 3),
	(28, 4, '2020-07-06', 4, '2020-07-08', 1),
	(30, 1, '2020-07-06', 1, '2020-07-08', 2),
	(27, 8, '2020-07-08', 8, '2020-07-09', 3),
	(28, 5, '2020-07-08', 5, '2020-07-10', 1),
	(30, 2, '2020-07-08', 2, '2020-07-09', 2),
	(27, 9, '2020-07-09', 9, '2020-07-09', 3),
	(30, 3, '2020-07-09', 3, '2020-07-20', 2),
	(28, 6, '2020-07-10', 6, '2020-07-13', 1),
	(28, 7, '2020-07-13', 7, '2020-07-15', 1),
	(29, 4, '2020-07-13', 4, '2020-07-15', 2),
	(31, 1, '2020-07-13', 1, '2020-07-15', 1),
	(28, 8, '2020-07-15', 8, '2020-07-16', 1),
	(29, 5, '2020-07-15', 5, '2020-07-17', 2),
	(31, 2, '2020-07-15', 2, '2020-07-16', 1),
	(28, 9, '2020-07-16', 9, '2020-07-16', 1),
	(31, 3, '2020-07-16', 3, '2020-07-27', 1),
	(29, 6, '2020-07-17', 6, '2020-07-20', 2),
	(29, 7, '2020-07-20', 7, '2020-07-22', 2),
	(30, 4, '2020-07-20', 4, '2020-07-22', 2),
	(32, 1, '2020-07-20', 1, '2020-07-22', 1),
	(29, 8, '2020-07-22', 8, '2020-07-23', 2),
	(30, 5, '2020-07-22', 5, '2020-07-24', 2),
	(32, 2, '2020-07-22', 2, '2020-07-23', 1),
	(29, 9, '2020-07-23', 9, '2020-07-23', 2),
	(32, 3, '2020-07-23', 3, '2020-08-03', 1),
	(30, 6, '2020-07-24', 6, '2020-07-27', 2),
	(30, 7, '2020-07-27', 7, '2020-07-29', 2),
	(31, 4, '2020-07-27', 4, '2020-07-29', 1),
	(33, 1, '2020-07-27', 1, '2020-07-29', 1),
	(30, 8, '2020-07-29', 8, '2020-07-30', 2),
	(31, 5, '2020-07-29', 5, '2020-07-31', 1),
	(33, 2, '2020-07-29', 2, '2020-07-30', 1),
	(30, 9, '2020-07-30', 9, '2020-07-30', 2),
	(33, 3, '2020-07-30', 3, '2020-08-10', 1),
	(31, 6, '2020-07-31', 6, '2020-08-03', 1),
	(31, 7, '2020-08-03', 7, '2020-08-05', 1),
	(32, 4, '2020-08-03', 4, '2020-08-05', 1),
	(34, 1, '2020-08-03', 1, '2020-08-05', 1),
	(31, 8, '2020-08-05', 8, '2020-08-06', 1),
	(32, 5, '2020-08-05', 5, '2020-08-07', 1),
	(34, 2, '2020-08-05', 2, '2020-08-06', 1),
	(31, 9, '2020-08-06', 9, '2020-08-06', 1),
	(34, 3, '2020-08-06', 3, '2020-08-17', 1),
	(32, 6, '2020-08-07', 6, '2020-08-10', 1),
	(32, 7, '2020-08-10', 7, '2020-08-12', 1),
	(33, 4, '2020-08-10', 4, '2020-08-12', 1),
	(35, 1, '2020-08-10', 1, '2020-08-12', 3),
	(32, 8, '2020-08-12', 8, '2020-08-13', 1),
	(33, 5, '2020-08-12', 5, '2020-08-14', 1),
	(35, 2, '2020-08-12', 2, '2020-08-13', 3),
	(32, 9, '2020-08-13', 9, '2020-08-13', 1),
	(35, 3, '2020-08-13', 3, '2020-08-24', 3),
	(33, 6, '2020-08-14', 6, '2020-08-17', 1),
	(33, 7, '2020-08-17', 7, '2020-08-19', 1),
	(34, 4, '2020-08-17', 4, '2020-08-19', 1),
	(36, 1, '2020-08-17', 1, '2020-08-19', 3),
	(33, 8, '2020-08-19', 8, '2020-08-20', 1),
	(34, 5, '2020-08-19', 5, '2020-08-21', 1),
	(36, 2, '2020-08-19', 2, '2020-08-20', 3),
	(33, 9, '2020-08-20', 9, '2020-08-20', 1),
	(36, 3, '2020-08-20', 3, '2020-08-31', 3),
	(34, 6, '2020-08-21', 6, '2020-08-24', 1),
	(34, 7, '2020-08-24', 7, '2020-08-26', 1),
	(35, 4, '2020-08-24', 4, '2020-08-26', 3),
	(37, 1, '2020-08-24', 1, '2020-08-26', 3),
	(34, 8, '2020-08-26', 8, '2020-08-27', 1),
	(35, 5, '2020-08-26', 5, '2020-08-28', 3),
	(37, 2, '2020-08-26', 2, '2020-08-27', 3),
	(34, 9, '2020-08-27', 9, '2020-08-27', 1),
	(37, 3, '2020-08-27', 3, '2020-09-07', 3),
	(35, 6, '2020-08-28', 6, '2020-08-31', 3),
	(35, 7, '2020-08-31', 7, '2020-09-02', 3),
	(36, 4, '2020-08-31', 4, '2020-09-02', 3),
	(38, 1, '2020-08-31', 1, '2020-09-02', 3),
	(35, 8, '2020-09-02', 8, '2020-09-03', 3),
	(36, 5, '2020-09-02', 5, '2020-09-04', 3),
	(38, 2, '2020-09-02', 2, '2020-09-03', 3),
	(35, 9, '2020-09-03', 9, '2020-09-03', 3),
	(38, 3, '2020-09-03', 3, '2020-09-14', 3),
	(36, 6, '2020-09-04', 6, '2020-09-07', 3),
	(36, 7, '2020-09-07', 7, '2020-09-09', 3),
	(37, 4, '2020-09-07', 4, '2020-09-09', 3),
	(39, 1, '2020-09-07', 1, '2020-09-09', 2),
	(36, 8, '2020-09-09', 8, '2020-09-10', 3),
	(37, 5, '2020-09-09', 5, '2020-09-11', 3),
	(39, 2, '2020-09-09', 2, '2020-09-10', 2),
	(36, 9, '2020-09-10', 9, '2020-09-10', 3),
	(39, 3, '2020-09-10', 3, '2020-09-21', 2),
	(37, 6, '2020-09-11', 6, '2020-09-14', 3),
	(37, 7, '2020-09-14', 7, '2020-09-16', 3),
	(38, 4, '2020-09-14', 4, '2020-09-16', 3),
	(40, 1, '2020-09-14', 1, '2020-09-16', 2),
	(37, 8, '2020-09-16', 8, '2020-09-17', 3),
	(38, 5, '2020-09-16', 5, '2020-09-18', 3),
	(40, 2, '2020-09-16', 2, '2020-09-17', 2),
	(37, 9, '2020-09-17', 9, '2020-09-17', 3),
	(40, 3, '2020-09-17', 3, '2020-09-28', 2),
	(38, 6, '2020-09-18', 6, '2020-09-21', 3),
	(38, 7, '2020-09-21', 7, '2020-09-23', 3),
	(39, 4, '2020-09-21', 4, '2020-09-23', 2),
	(41, 1, '2020-09-21', 1, '2020-09-23', 1),
	(38, 8, '2020-09-23', 8, '2020-09-24', 3),
	(39, 5, '2020-09-23', 5, '2020-09-25', 2),
	(41, 2, '2020-09-23', 2, '2020-09-24', 1),
	(38, 9, '2020-09-24', 9, '2020-09-24', 3),
	(41, 3, '2020-09-24', 3, '2020-10-05', 1),
	(39, 6, '2020-09-25', 6, '2020-09-28', 2),
	(39, 7, '2020-09-28', 7, '2020-09-30', 2),
	(40, 4, '2020-09-28', 4, '2020-09-30', 2),
	(42, 1, '2020-09-28', 1, '2020-09-30', 2),
	(39, 8, '2020-09-30', 8, '2020-10-01', 2),
	(40, 5, '2020-09-30', 5, '2020-10-02', 2),
	(42, 2, '2020-09-30', 2, '2020-10-01', 2),
	(39, 9, '2020-10-01', 9, '2020-10-01', 2),
	(42, 3, '2020-10-01', 3, '2020-10-12', 2),
	(40, 6, '2020-10-02', 6, '2020-10-05', 2),
	(40, 7, '2020-10-05', 7, '2020-10-07', 2),
	(41, 4, '2020-10-05', 4, '2020-10-07', 1),
	(43, 1, '2020-10-05', 1, '2020-10-07', 1),
	(40, 8, '2020-10-07', 8, '2020-10-08', 2),
	(41, 5, '2020-10-07', 5, '2020-10-09', 1),
	(43, 2, '2020-10-07', 2, '2020-10-08', 1),
	(40, 9, '2020-10-08', 9, '2020-10-08', 2),
	(43, 3, '2020-10-08', 3, '2020-10-19', 1),
	(41, 6, '2020-10-09', 6, '2020-10-12', 1),
	(41, 7, '2020-10-12', 7, '2020-10-14', 1),
	(42, 4, '2020-10-12', 4, '2020-10-14', 2),
	(44, 1, '2020-10-12', 1, '2020-10-14', 1),
	(41, 8, '2020-10-14', 8, '2020-10-15', 1),
	(42, 5, '2020-10-14', 5, '2020-10-16', 2),
	(44, 2, '2020-10-14', 2, '2020-10-15', 1),
	(41, 9, '2020-10-15', 9, '2020-10-15', 1),
	(44, 3, '2020-10-15', 3, '2020-10-26', 1),
	(42, 6, '2020-10-16', 6, '2020-10-19', 2),
	(42, 7, '2020-10-19', 7, '2020-10-21', 2),
	(43, 4, '2020-10-19', 4, '2020-10-21', 1),
	(45, 1, '2020-10-19', 1, '2020-10-21', 2),
	(42, 8, '2020-10-21', 8, '2020-10-22', 2),
	(43, 5, '2020-10-21', 5, '2020-10-23', 1),
	(45, 2, '2020-10-21', 2, '2020-10-22', 2),
	(42, 9, '2020-10-22', 9, '2020-10-22', 2),
	(45, 3, '2020-10-22', 3, '2020-11-02', 2),
	(43, 6, '2020-10-23', 6, '2020-10-26', 1),
	(43, 7, '2020-10-26', 7, '2020-10-28', 1),
	(44, 4, '2020-10-26', 4, '2020-10-28', 1),
	(46, 1, '2020-10-26', 1, '2020-10-28', 3),
	(43, 8, '2020-10-28', 8, '2020-10-29', 1),
	(44, 5, '2020-10-28', 5, '2020-10-30', 1),
	(46, 2, '2020-10-28', 2, '2020-10-29', 3),
	(43, 9, '2020-10-29', 9, '2020-10-29', 1),
	(46, 3, '2020-10-29', 3, '2020-11-09', 3),
	(44, 6, '2020-10-30', 6, '2020-11-02', 1),
	(44, 7, '2020-11-02', 7, '2020-11-04', 1),
	(45, 4, '2020-11-02', 4, '2020-11-04', 2),
	(47, 1, '2020-11-02', 1, '2020-11-04', 3),
	(44, 8, '2020-11-04', 8, '2020-11-05', 1),
	(45, 5, '2020-11-04', 5, '2020-11-06', 2),
	(47, 2, '2020-11-04', 2, '2020-11-05', 3),
	(44, 9, '2020-11-05', 9, '2020-11-05', 1),
	(47, 3, '2020-11-05', 3, '2020-11-16', 3),
	(45, 6, '2020-11-06', 6, '2020-11-09', 2),
	(45, 7, '2020-11-09', 7, '2020-11-11', 2),
	(46, 4, '2020-11-09', 4, '2020-11-11', 3),
	(48, 1, '2020-11-09', 1, '2020-11-11', 2),
	(45, 8, '2020-11-11', 8, '2020-11-12', 2),
	(46, 5, '2020-11-11', 5, '2020-11-13', 3),
	(48, 2, '2020-11-11', 2, '2020-11-12', 2),
	(45, 9, '2020-11-12', 9, '2020-11-12', 2),
	(48, 3, '2020-11-12', 3, '2020-11-23', 2),
	(46, 6, '2020-11-13', 6, '2020-11-16', 3),
	(46, 7, '2020-11-16', 7, '2020-11-18', 3),
	(47, 4, '2020-11-16', 4, '2020-11-18', 3),
	(46, 8, '2020-11-18', 8, '2020-11-19', 3),
	(47, 5, '2020-11-18', 5, '2020-11-20', 3),
	(46, 9, '2020-11-19', 9, '2020-11-19', 3),
	(47, 6, '2020-11-20', 6, '2020-11-23', 3),
	(47, 7, '2020-11-23', 7, '2020-11-25', 3),
	(48, 4, '2020-11-23', 4, '2020-11-25', 2),
	(47, 8, '2020-11-25', 8, '2020-11-26', 3),
	(48, 5, '2020-11-25', 5, '2020-11-27', 2),
	(47, 9, '2020-11-26', 9, '2020-11-26', 3),
	(48, 6, '2020-11-27', 6, '2020-11-30', 2),
	(48, 7, '2020-11-30', 7, '2020-12-02', 2),
	(48, 8, '2020-12-02', 8, '2020-12-03', 2),
	(48, 9, '2020-12-03', 9, '2020-12-03', 2),
	(49, 1, '2021-01-11', 1, '2021-01-13', 3),
	(49, 2, '2021-01-13', 2, '2021-01-14', 3),
	(49, 3, '2021-01-14', 3, '2021-01-25', 3),
	(50, 1, '2021-01-18', 1, '2021-01-20', 3),
	(50, 2, '2021-01-20', 2, '2021-01-21', 3),
	(50, 3, '2021-01-21', 3, '2021-02-01', 3),
	(49, 4, '2021-01-25', 4, '2021-01-27', 3),
	(51, 1, '2021-01-25', 1, '2021-01-27', 2),
	(49, 5, '2021-01-27', 5, '2021-01-29', 3),
	(51, 2, '2021-01-27', 2, '2021-01-28', 2),
	(51, 3, '2021-01-28', 3, '2021-02-08', 2),
	(49, 6, '2021-01-29', 6, '2021-02-01', 3),
	(49, 7, '2021-02-01', 7, '2021-02-03', 3),
	(50, 4, '2021-02-01', 4, '2021-02-03', 3),
	(52, 1, '2021-02-01', 1, '2021-02-03', 3),
	(49, 8, '2021-02-03', 8, '2021-02-04', 3),
	(50, 5, '2021-02-03', 5, '2021-02-05', 3),
	(52, 2, '2021-02-03', 2, '2021-02-04', 3),
	(49, 9, '2021-02-04', 9, '2021-02-04', 3),
	(52, 3, '2021-02-04', 3, '2021-02-15', 3),
	(50, 6, '2021-02-05', 6, '2021-02-08', 3),
	(50, 7, '2021-02-08', 7, '2021-02-10', 3),
	(51, 4, '2021-02-08', 4, '2021-02-10', 2),
	(53, 1, '2021-02-08', 1, '2021-02-10', 2),
	(50, 8, '2021-02-10', 8, '2021-02-11', 3),
	(51, 5, '2021-02-10', 5, '2021-02-12', 2),
	(53, 2, '2021-02-10', 2, '2021-02-11', 2),
	(50, 9, '2021-02-11', 9, '2021-02-11', 3),
	(53, 3, '2021-02-11', 3, '2021-02-22', 2),
	(51, 6, '2021-02-12', 6, '2021-02-15', 2),
	(51, 7, '2021-02-15', 7, '2021-02-17', 2),
	(52, 4, '2021-02-15', 4, '2021-02-17', 3),
	(54, 1, '2021-02-15', 1, '2021-02-17', 2),
	(51, 8, '2021-02-17', 8, '2021-02-18', 2),
	(52, 5, '2021-02-17', 5, '2021-02-19', 3),
	(54, 2, '2021-02-17', 2, '2021-02-18', 2),
	(51, 9, '2021-02-18', 9, '2021-02-18', 2),
	(54, 3, '2021-02-18', 3, '2021-03-01', 2),
	(52, 6, '2021-02-19', 6, '2021-02-22', 3),
	(52, 7, '2021-02-22', 7, '2021-02-24', 3),
	(53, 4, '2021-02-22', 4, '2021-02-24', 2),
	(55, 1, '2021-02-22', 1, '2021-02-24', 2),
	(52, 8, '2021-02-24', 8, '2021-02-25', 3),
	(53, 5, '2021-02-24', 5, '2021-02-26', 2),
	(55, 2, '2021-02-24', 2, '2021-02-25', 2),
	(52, 9, '2021-02-25', 9, '2021-02-25', 3),
	(55, 3, '2021-02-25', 3, '2021-03-08', 2),
	(53, 6, '2021-02-26', 6, '2021-03-01', 2),
	(53, 7, '2021-03-01', 7, '2021-03-03', 2),
	(54, 4, '2021-03-01', 4, '2021-03-03', 2),
	(56, 1, '2021-03-01', 1, '2021-03-03', 2),
	(53, 8, '2021-03-03', 8, '2021-03-04', 2),
	(54, 5, '2021-03-03', 5, '2021-03-05', 2),
	(56, 2, '2021-03-03', 2, '2021-03-04', 2),
	(53, 9, '2021-03-04', 9, '2021-03-04', 2),
	(56, 3, '2021-03-04', 3, '2021-03-15', 2),
	(54, 6, '2021-03-05', 6, '2021-03-08', 2),
	(54, 7, '2021-03-08', 7, '2021-03-10', 2),
	(55, 4, '2021-03-08', 4, '2021-03-10', 2),
	(57, 1, '2021-03-08', 1, '2021-03-10', 1),
	(54, 8, '2021-03-10', 8, '2021-03-11', 2),
	(55, 5, '2021-03-10', 5, '2021-03-12', 2),
	(57, 2, '2021-03-10', 2, '2021-03-11', 1),
	(54, 9, '2021-03-11', 9, '2021-03-11', 2),
	(57, 3, '2021-03-11', 3, '2021-03-22', 1),
	(55, 6, '2021-03-12', 6, '2021-03-15', 2),
	(55, 7, '2021-03-15', 7, '2021-03-17', 2),
	(56, 4, '2021-03-15', 4, '2021-03-17', 2),
	(58, 1, '2021-03-15', 1, '2021-03-17', 2),
	(55, 8, '2021-03-17', 8, '2021-03-18', 2),
	(56, 5, '2021-03-17', 5, '2021-03-19', 2),
	(58, 2, '2021-03-17', 2, '2021-03-18', 2),
	(55, 9, '2021-03-18', 9, '2021-03-18', 2),
	(58, 3, '2021-03-18', 3, '2021-03-29', 2),
	(56, 6, '2021-03-19', 6, '2021-03-22', 2),
	(56, 7, '2021-03-22', 7, '2021-03-24', 2),
	(57, 4, '2021-03-22', 4, '2021-03-24', 1),
	(59, 1, '2021-03-22', 1, '2021-03-24', 1),
	(56, 8, '2021-03-24', 8, '2021-03-25', 2),
	(57, 5, '2021-03-24', 5, '2021-03-26', 1),
	(59, 2, '2021-03-24', 2, '2021-03-25', 1),
	(56, 9, '2021-03-25', 9, '2021-03-25', 2),
	(59, 3, '2021-03-25', 3, '2021-04-05', 1),
	(57, 6, '2021-03-26', 6, '2021-03-29', 1),
	(57, 7, '2021-03-29', 7, '2021-03-31', 1),
	(58, 4, '2021-03-29', 4, '2021-03-31', 2),
	(60, 1, '2021-03-29', 1, '2021-03-31', 3),
	(57, 8, '2021-03-31', 8, '2021-04-01', 1),
	(58, 5, '2021-03-31', 5, '2021-04-02', 2),
	(60, 2, '2021-03-31', 2, '2021-04-01', 3),
	(57, 9, '2021-04-01', 9, '2021-04-01', 1),
	(60, 3, '2021-04-01', 3, '2021-04-12', 3),
	(58, 6, '2021-04-02', 6, '2021-04-05', 2),
	(58, 7, '2021-04-05', 7, '2021-04-07', 2),
	(59, 4, '2021-04-05', 4, '2021-04-07', 1),
	(61, 1, '2021-04-05', 1, '2021-04-07', 3);

TRUNCATE TABLE `purchases_db`.`procurement_documents_register`;
INSERT INTO `purchases_db`.`procurement_documents_register`
(`purchase_status_id`,
  `protocol_number`,
  `protocol_url`,
  `comparison_table_url`)
VALUES
	(3, 1, 'C:\\Реестр протоколов\\Протокол № 1.pdf', NULL),
	(4, 1, 'C:\\Реестр протоколов\\Протокол № 1.pdf', NULL),
	(8, 2, 'C:\\Реестр протоколов\\Протокол № 2.pdf', NULL),
	(13, 3, 'C:\\Реестр протоколов\\Протокол № 3.pdf', 'C:\\Реестр протоколов\\Сопоставительная таблица № 3_1.pdf'),
	(14, 3, 'C:\\Реестр протоколов\\Протокол № 3.pdf', 'C:\\Реестр протоколов\\Сопоставительная таблица № 3_2.pdf'),
	(15, 3, 'C:\\Реестр протоколов\\Протокол № 3.pdf', NULL),
	(19, 4, 'C:\\Реестр протоколов\\Протокол № 4.pdf', 'C:\\Реестр протоколов\\Сопоставительная таблица № 4_1.pdf'),
	(20, 4, 'C:\\Реестр протоколов\\Протокол № 4.pdf', 'C:\\Реестр протоколов\\Сопоставительная таблица № 4_2.pdf'),
	(23, 5, 'C:\\Реестр протоколов\\Протокол № 5.pdf', 'C:\\Реестр протоколов\\Сопоставительная таблица № 5_1.pdf'),
	(24, 5, 'C:\\Реестр протоколов\\Протокол № 5.pdf', 'C:\\Реестр протоколов\\Сопоставительная таблица № 5_2.pdf'),
	(25, 5, 'C:\\Реестр протоколов\\Протокол № 5.pdf', 'C:\\Реестр протоколов\\Сопоставительная таблица № 5_3.pdf'),
	(26, 5, 'C:\\Реестр протоколов\\Протокол № 5.pdf', NULL),
	(31, 6, 'C:\\Реестр протоколов\\Протокол № 6.pdf', 'C:\\Реестр протоколов\\Сопоставительная таблица № 6_3.pdf'),
	(34, 7, 'C:\\Реестр протоколов\\Протокол № 7.pdf', 'C:\\Реестр протоколов\\Сопоставительная таблица № 7_3.pdf'),
	(35, 7, 'C:\\Реестр протоколов\\Протокол № 7.pdf', 'C:\\Реестр протоколов\\Сопоставительная таблица № 7_4.pdf'),
	(36, 7, 'C:\\Реестр протоколов\\Протокол № 7.pdf', NULL),
	(40, 8, 'C:\\Реестр протоколов\\Протокол № 8.pdf', 'C:\\Реестр протоколов\\Сопоставительная таблица № 8_4.pdf'),
	(43, 9, 'C:\\Реестр протоколов\\Протокол № 9.pdf', 'C:\\Реестр протоколов\\Сопоставительная таблица № 9_4.pdf'),
	(44, 9, 'C:\\Реестр протоколов\\Протокол № 9.pdf', 'C:\\Реестр протоколов\\Сопоставительная таблица № 9_5.pdf'),
	(45, 9, 'C:\\Реестр протоколов\\Протокол № 9.pdf', NULL),
	(49, 10, 'C:\\Реестр протоколов\\Протокол № 10.pdf', 'C:\\Реестр протоколов\\Сопоставительная таблица № 10_5.pdf'),
	(52, 11, 'C:\\Реестр протоколов\\Протокол № 11.pdf', 'C:\\Реестр протоколов\\Сопоставительная таблица № 11_5.pdf'),
	(53, 11, 'C:\\Реестр протоколов\\Протокол № 11.pdf', 'C:\\Реестр протоколов\\Сопоставительная таблица № 11_6.pdf'),
	(54, 11, 'C:\\Реестр протоколов\\Протокол № 11.pdf', NULL),
	(58, 12, 'C:\\Реестр протоколов\\Протокол № 12.pdf', 'C:\\Реестр протоколов\\Сопоставительная таблица № 12_6.pdf'),
	(61, 13, 'C:\\Реестр протоколов\\Протокол № 13.pdf', 'C:\\Реестр протоколов\\Сопоставительная таблица № 13_6.pdf'),
	(62, 13, 'C:\\Реестр протоколов\\Протокол № 13.pdf', 'C:\\Реестр протоколов\\Сопоставительная таблица № 13_7.pdf'),
	(63, 13, 'C:\\Реестр протоколов\\Протокол № 13.pdf', NULL),
	(67, 14, 'C:\\Реестр протоколов\\Протокол № 14.pdf', 'C:\\Реестр протоколов\\Сопоставительная таблица № 14_7.pdf'),
	(70, 15, 'C:\\Реестр протоколов\\Протокол № 15.pdf', 'C:\\Реестр протоколов\\Сопоставительная таблица № 15_7.pdf'),
	(71, 15, 'C:\\Реестр протоколов\\Протокол № 15.pdf', 'C:\\Реестр протоколов\\Сопоставительная таблица № 15_8.pdf'),
	(72, 15, 'C:\\Реестр протоколов\\Протокол № 15.pdf', NULL),
	(76, 16, 'C:\\Реестр протоколов\\Протокол № 16.pdf', 'C:\\Реестр протоколов\\Сопоставительная таблица № 16_8.pdf'),
	(79, 17, 'C:\\Реестр протоколов\\Протокол № 17.pdf', 'C:\\Реестр протоколов\\Сопоставительная таблица № 17_8.pdf'),
	(80, 17, 'C:\\Реестр протоколов\\Протокол № 17.pdf', 'C:\\Реестр протоколов\\Сопоставительная таблица № 17_9.pdf'),
	(81, 17, 'C:\\Реестр протоколов\\Протокол № 17.pdf', NULL),
	(85, 18, 'C:\\Реестр протоколов\\Протокол № 18.pdf', 'C:\\Реестр протоколов\\Сопоставительная таблица № 18_9.pdf'),
	(88, 19, 'C:\\Реестр протоколов\\Протокол № 19.pdf', 'C:\\Реестр протоколов\\Сопоставительная таблица № 19_9.pdf'),
	(89, 19, 'C:\\Реестр протоколов\\Протокол № 19.pdf', 'C:\\Реестр протоколов\\Сопоставительная таблица № 19_10.pdf'),
	(90, 19, 'C:\\Реестр протоколов\\Протокол № 19.pdf', NULL),
	(94, 20, 'C:\\Реестр протоколов\\Протокол № 20.pdf', 'C:\\Реестр протоколов\\Сопоставительная таблица № 20_10.pdf'),
	(97, 21, 'C:\\Реестр протоколов\\Протокол № 21.pdf', 'C:\\Реестр протоколов\\Сопоставительная таблица № 21_10.pdf'),
	(98, 21, 'C:\\Реестр протоколов\\Протокол № 21.pdf', 'C:\\Реестр протоколов\\Сопоставительная таблица № 21_11.pdf'),
	(99, 21, 'C:\\Реестр протоколов\\Протокол № 21.pdf', NULL),
	(103, 22, 'C:\\Реестр протоколов\\Протокол № 22.pdf', 'C:\\Реестр протоколов\\Сопоставительная таблица № 22_11.pdf'),
	(107, 23, 'C:\\Реестр протоколов\\Протокол № 23.pdf', 'C:\\Реестр протоколов\\Сопоставительная таблица № 23_11.pdf'),
	(108, 23, 'C:\\Реестр протоколов\\Протокол № 23.pdf', 'C:\\Реестр протоколов\\Сопоставительная таблица № 23_12.pdf'),
	(109, 23, 'C:\\Реестр протоколов\\Протокол № 23.pdf', NULL),
	(110, 23, 'C:\\Реестр протоколов\\Протокол № 23.pdf', NULL),
	(115, 24, 'C:\\Реестр протоколов\\Протокол № 24.pdf', 'C:\\Реестр протоколов\\Сопоставительная таблица № 24_12.pdf'),
	(118, 25, 'C:\\Реестр протоколов\\Протокол № 25.pdf', 'C:\\Реестр протоколов\\Сопоставительная таблица № 25_12.pdf'),
	(119, 25, 'C:\\Реестр протоколов\\Протокол № 25.pdf', 'C:\\Реестр протоколов\\Сопоставительная таблица № 25_13.pdf'),
	(120, 25, 'C:\\Реестр протоколов\\Протокол № 25.pdf', NULL),
	(124, 26, 'C:\\Реестр протоколов\\Протокол № 26.pdf', 'C:\\Реестр протоколов\\Сопоставительная таблица № 26_13.pdf'),
	(128, 27, 'C:\\Реестр протоколов\\Протокол № 27.pdf', 'C:\\Реестр протоколов\\Сопоставительная таблица № 27_13.pdf'),
	(129, 27, 'C:\\Реестр протоколов\\Протокол № 27.pdf', 'C:\\Реестр протоколов\\Сопоставительная таблица № 27_14.pdf'),
	(130, 27, 'C:\\Реестр протоколов\\Протокол № 27.pdf', 'C:\\Реестр протоколов\\Сопоставительная таблица № 27_15.pdf'),
	(131, 27, 'C:\\Реестр протоколов\\Протокол № 27.pdf', NULL),
	(136, 28, 'C:\\Реестр протоколов\\Протокол № 28.pdf', 'C:\\Реестр протоколов\\Сопоставительная таблица № 28_14.pdf'),
	(137, 28, 'C:\\Реестр протоколов\\Протокол № 28.pdf', 'C:\\Реестр протоколов\\Сопоставительная таблица № 28_15.pdf'),
	(140, 29, 'C:\\Реестр протоколов\\Протокол № 29.pdf', 'C:\\Реестр протоколов\\Сопоставительная таблица № 29_14.pdf'),
	(141, 29, 'C:\\Реестр протоколов\\Протокол № 29.pdf', 'C:\\Реестр протоколов\\Сопоставительная таблица № 29_15.pdf'),
	(142, 29, 'C:\\Реестр протоколов\\Протокол № 29.pdf', 'C:\\Реестр протоколов\\Сопоставительная таблица № 29_16.pdf'),
	(143, 29, 'C:\\Реестр протоколов\\Протокол № 29.pdf', NULL),
	(144, 30, 'C:\\Реестр протоколов\\Протокол № 30.pdf', NULL),
	(148, 31, 'C:\\Реестр протоколов\\Протокол № 31.pdf', 'C:\\Реестр протоколов\\Сопоставительная таблица № 31_16.pdf'),
	(151, 32, 'C:\\Реестр протоколов\\Протокол № 32.pdf', 'C:\\Реестр протоколов\\Сопоставительная таблица № 32_16.pdf'),
	(152, 32, 'C:\\Реестр протоколов\\Протокол № 32.pdf', 'C:\\Реестр протоколов\\Сопоставительная таблица № 32_17.pdf'),
	(153, 32, 'C:\\Реестр протоколов\\Протокол № 32.pdf', NULL),
	(157, 33, 'C:\\Реестр протоколов\\Протокол № 33.pdf', 'C:\\Реестр протоколов\\Сопоставительная таблица № 33_17.pdf'),
	(160, 34, 'C:\\Реестр протоколов\\Протокол № 34.pdf', 'C:\\Реестр протоколов\\Сопоставительная таблица № 34_17.pdf'),
	(161, 34, 'C:\\Реестр протоколов\\Протокол № 34.pdf', 'C:\\Реестр протоколов\\Сопоставительная таблица № 34_18.pdf'),
	(162, 34, 'C:\\Реестр протоколов\\Протокол № 34.pdf', NULL),
	(166, 35, 'C:\\Реестр протоколов\\Протокол № 35.pdf', 'C:\\Реестр протоколов\\Сопоставительная таблица № 35_18.pdf'),
	(169, 36, 'C:\\Реестр протоколов\\Протокол № 36.pdf', 'C:\\Реестр протоколов\\Сопоставительная таблица № 36_18.pdf'),
	(170, 36, 'C:\\Реестр протоколов\\Протокол № 36.pdf', 'C:\\Реестр протоколов\\Сопоставительная таблица № 36_19.pdf'),
	(171, 36, 'C:\\Реестр протоколов\\Протокол № 36.pdf', NULL),
	(175, 37, 'C:\\Реестр протоколов\\Протокол № 37.pdf', 'C:\\Реестр протоколов\\Сопоставительная таблица № 37_19.pdf'),
	(178, 38, 'C:\\Реестр протоколов\\Протокол № 38.pdf', 'C:\\Реестр протоколов\\Сопоставительная таблица № 38_19.pdf'),
	(179, 38, 'C:\\Реестр протоколов\\Протокол № 38.pdf', 'C:\\Реестр протоколов\\Сопоставительная таблица № 38_20.pdf'),
	(180, 38, 'C:\\Реестр протоколов\\Протокол № 38.pdf', NULL),
	(184, 39, 'C:\\Реестр протоколов\\Протокол № 39.pdf', 'C:\\Реестр протоколов\\Сопоставительная таблица № 39_20.pdf'),
	(187, 40, 'C:\\Реестр протоколов\\Протокол № 40.pdf', 'C:\\Реестр протоколов\\Сопоставительная таблица № 40_20.pdf'),
	(188, 40, 'C:\\Реестр протоколов\\Протокол № 40.pdf', 'C:\\Реестр протоколов\\Сопоставительная таблица № 40_21.pdf'),
	(189, 40, 'C:\\Реестр протоколов\\Протокол № 40.pdf', NULL),
	(193, 41, 'C:\\Реестр протоколов\\Протокол № 41.pdf', 'C:\\Реестр протоколов\\Сопоставительная таблица № 41_21.pdf'),
	(198, 42, 'C:\\Реестр протоколов\\Протокол № 42.pdf', 'C:\\Реестр протоколов\\Сопоставительная таблица № 42_21.pdf'),
	(199, 42, 'C:\\Реестр протоколов\\Протокол № 42.pdf', 'C:\\Реестр протоколов\\Сопоставительная таблица № 42_22.pdf'),
	(200, 42, 'C:\\Реестр протоколов\\Протокол № 42.pdf', NULL),
	(201, 42, 'C:\\Реестр протоколов\\Протокол № 42.pdf', NULL),
	(202, 42, 'C:\\Реестр протоколов\\Протокол № 42.pdf', NULL),
	(208, 43, 'C:\\Реестр протоколов\\Протокол № 43.pdf', 'C:\\Реестр протоколов\\Сопоставительная таблица № 43_22.pdf'),
	(211, 44, 'C:\\Реестр протоколов\\Протокол № 44.pdf', 'C:\\Реестр протоколов\\Сопоставительная таблица № 44_22.pdf'),
	(212, 44, 'C:\\Реестр протоколов\\Протокол № 44.pdf', 'C:\\Реестр протоколов\\Сопоставительная таблица № 44_23.pdf'),
	(213, 44, 'C:\\Реестр протоколов\\Протокол № 44.pdf', NULL),
	(217, 45, 'C:\\Реестр протоколов\\Протокол № 45.pdf', 'C:\\Реестр протоколов\\Сопоставительная таблица № 45_23.pdf'),
	(222, 46, 'C:\\Реестр протоколов\\Протокол № 46.pdf', 'C:\\Реестр протоколов\\Сопоставительная таблица № 46_23.pdf'),
	(223, 46, 'C:\\Реестр протоколов\\Протокол № 46.pdf', 'C:\\Реестр протоколов\\Сопоставительная таблица № 46_24.pdf'),
	(224, 46, 'C:\\Реестр протоколов\\Протокол № 46.pdf', 'C:\\Реестр протоколов\\Сопоставительная таблица № 46_25.pdf'),
	(225, 46, 'C:\\Реестр протоколов\\Протокол № 46.pdf', 'C:\\Реестр протоколов\\Сопоставительная таблица № 46_26.pdf'),
	(226, 46, 'C:\\Реестр протоколов\\Протокол № 46.pdf', NULL),
	(232, 47, 'C:\\Реестр протоколов\\Протокол № 47.pdf', 'C:\\Реестр протоколов\\Сопоставительная таблица № 47_24.pdf'),
	(233, 47, 'C:\\Реестр протоколов\\Протокол № 47.pdf', 'C:\\Реестр протоколов\\Сопоставительная таблица № 47_25.pdf'),
	(234, 47, 'C:\\Реестр протоколов\\Протокол № 47.pdf', 'C:\\Реестр протоколов\\Сопоставительная таблица № 47_26.pdf'),
	(237, 48, 'C:\\Реестр протоколов\\Протокол № 48.pdf', 'C:\\Реестр протоколов\\Сопоставительная таблица № 48_24.pdf'),
	(238, 48, 'C:\\Реестр протоколов\\Протокол № 48.pdf', 'C:\\Реестр протоколов\\Сопоставительная таблица № 48_25.pdf'),
	(239, 48, 'C:\\Реестр протоколов\\Протокол № 48.pdf', 'C:\\Реестр протоколов\\Сопоставительная таблица № 48_26.pdf'),
	(240, 48, 'C:\\Реестр протоколов\\Протокол № 48.pdf', 'C:\\Реестр протоколов\\Сопоставительная таблица № 48_27.pdf'),
	(241, 48, 'C:\\Реестр протоколов\\Протокол № 48.pdf', NULL),
	(247, 49, 'C:\\Реестр протоколов\\Протокол № 49.pdf', 'C:\\Реестр протоколов\\Сопоставительная таблица № 49_27.pdf'),
	(250, 50, 'C:\\Реестр протоколов\\Протокол № 50.pdf', 'C:\\Реестр протоколов\\Сопоставительная таблица № 50_27.pdf'),
	(251, 50, 'C:\\Реестр протоколов\\Протокол № 50.pdf', 'C:\\Реестр протоколов\\Сопоставительная таблица № 50_28.pdf'),
	(252, 50, 'C:\\Реестр протоколов\\Протокол № 50.pdf', NULL),
	(256, 51, 'C:\\Реестр протоколов\\Протокол № 51.pdf', 'C:\\Реестр протоколов\\Сопоставительная таблица № 51_28.pdf'),
	(259, 52, 'C:\\Реестр протоколов\\Протокол № 52.pdf', 'C:\\Реестр протоколов\\Сопоставительная таблица № 52_28.pdf'),
	(260, 52, 'C:\\Реестр протоколов\\Протокол № 52.pdf', 'C:\\Реестр протоколов\\Сопоставительная таблица № 52_29.pdf'),
	(261, 52, 'C:\\Реестр протоколов\\Протокол № 52.pdf', NULL),
	(265, 53, 'C:\\Реестр протоколов\\Протокол № 53.pdf', 'C:\\Реестр протоколов\\Сопоставительная таблица № 53_29.pdf'),
	(268, 54, 'C:\\Реестр протоколов\\Протокол № 54.pdf', 'C:\\Реестр протоколов\\Сопоставительная таблица № 54_29.pdf'),
	(269, 54, 'C:\\Реестр протоколов\\Протокол № 54.pdf', 'C:\\Реестр протоколов\\Сопоставительная таблица № 54_30.pdf'),
	(270, 54, 'C:\\Реестр протоколов\\Протокол № 54.pdf', NULL),
	(274, 55, 'C:\\Реестр протоколов\\Протокол № 55.pdf', 'C:\\Реестр протоколов\\Сопоставительная таблица № 55_30.pdf'),
	(277, 56, 'C:\\Реестр протоколов\\Протокол № 56.pdf', 'C:\\Реестр протоколов\\Сопоставительная таблица № 56_30.pdf'),
	(278, 56, 'C:\\Реестр протоколов\\Протокол № 56.pdf', 'C:\\Реестр протоколов\\Сопоставительная таблица № 56_31.pdf'),
	(279, 56, 'C:\\Реестр протоколов\\Протокол № 56.pdf', NULL),
	(283, 57, 'C:\\Реестр протоколов\\Протокол № 57.pdf', 'C:\\Реестр протоколов\\Сопоставительная таблица № 57_31.pdf'),
	(286, 58, 'C:\\Реестр протоколов\\Протокол № 58.pdf', 'C:\\Реестр протоколов\\Сопоставительная таблица № 58_31.pdf'),
	(287, 58, 'C:\\Реестр протоколов\\Протокол № 58.pdf', 'C:\\Реестр протоколов\\Сопоставительная таблица № 58_32.pdf'),
	(288, 58, 'C:\\Реестр протоколов\\Протокол № 58.pdf', NULL),
	(292, 59, 'C:\\Реестр протоколов\\Протокол № 59.pdf', 'C:\\Реестр протоколов\\Сопоставительная таблица № 59_32.pdf'),
	(295, 60, 'C:\\Реестр протоколов\\Протокол № 60.pdf', 'C:\\Реестр протоколов\\Сопоставительная таблица № 60_32.pdf'),
	(296, 60, 'C:\\Реестр протоколов\\Протокол № 60.pdf', 'C:\\Реестр протоколов\\Сопоставительная таблица № 60_33.pdf'),
	(297, 60, 'C:\\Реестр протоколов\\Протокол № 60.pdf', NULL),
	(301, 61, 'C:\\Реестр протоколов\\Протокол № 61.pdf', 'C:\\Реестр протоколов\\Сопоставительная таблица № 61_33.pdf'),
	(304, 62, 'C:\\Реестр протоколов\\Протокол № 62.pdf', 'C:\\Реестр протоколов\\Сопоставительная таблица № 62_33.pdf'),
	(305, 62, 'C:\\Реестр протоколов\\Протокол № 62.pdf', 'C:\\Реестр протоколов\\Сопоставительная таблица № 62_34.pdf'),
	(306, 62, 'C:\\Реестр протоколов\\Протокол № 62.pdf', NULL),
	(310, 63, 'C:\\Реестр протоколов\\Протокол № 63.pdf', 'C:\\Реестр протоколов\\Сопоставительная таблица № 63_34.pdf'),
	(313, 64, 'C:\\Реестр протоколов\\Протокол № 64.pdf', 'C:\\Реестр протоколов\\Сопоставительная таблица № 64_34.pdf'),
	(314, 64, 'C:\\Реестр протоколов\\Протокол № 64.pdf', 'C:\\Реестр протоколов\\Сопоставительная таблица № 64_35.pdf'),
	(315, 64, 'C:\\Реестр протоколов\\Протокол № 64.pdf', NULL),
	(319, 65, 'C:\\Реестр протоколов\\Протокол № 65.pdf', 'C:\\Реестр протоколов\\Сопоставительная таблица № 65_35.pdf'),
	(322, 66, 'C:\\Реестр протоколов\\Протокол № 66.pdf', 'C:\\Реестр протоколов\\Сопоставительная таблица № 66_35.pdf'),
	(323, 66, 'C:\\Реестр протоколов\\Протокол № 66.pdf', 'C:\\Реестр протоколов\\Сопоставительная таблица № 66_36.pdf'),
	(324, 66, 'C:\\Реестр протоколов\\Протокол № 66.pdf', NULL),
	(328, 67, 'C:\\Реестр протоколов\\Протокол № 67.pdf', 'C:\\Реестр протоколов\\Сопоставительная таблица № 67_36.pdf'),
	(331, 68, 'C:\\Реестр протоколов\\Протокол № 68.pdf', 'C:\\Реестр протоколов\\Сопоставительная таблица № 68_36.pdf'),
	(332, 68, 'C:\\Реестр протоколов\\Протокол № 68.pdf', 'C:\\Реестр протоколов\\Сопоставительная таблица № 68_37.pdf'),
	(333, 68, 'C:\\Реестр протоколов\\Протокол № 68.pdf', NULL),
	(337, 69, 'C:\\Реестр протоколов\\Протокол № 69.pdf', 'C:\\Реестр протоколов\\Сопоставительная таблица № 69_37.pdf'),
	(340, 70, 'C:\\Реестр протоколов\\Протокол № 70.pdf', 'C:\\Реестр протоколов\\Сопоставительная таблица № 70_37.pdf'),
	(341, 70, 'C:\\Реестр протоколов\\Протокол № 70.pdf', 'C:\\Реестр протоколов\\Сопоставительная таблица № 70_38.pdf'),
	(342, 70, 'C:\\Реестр протоколов\\Протокол № 70.pdf', NULL),
	(346, 71, 'C:\\Реестр протоколов\\Протокол № 71.pdf', 'C:\\Реестр протоколов\\Сопоставительная таблица № 71_38.pdf'),
	(349, 72, 'C:\\Реестр протоколов\\Протокол № 72.pdf', 'C:\\Реестр протоколов\\Сопоставительная таблица № 72_38.pdf'),
	(350, 72, 'C:\\Реестр протоколов\\Протокол № 72.pdf', 'C:\\Реестр протоколов\\Сопоставительная таблица № 72_39.pdf'),
	(351, 72, 'C:\\Реестр протоколов\\Протокол № 72.pdf', NULL),
	(355, 73, 'C:\\Реестр протоколов\\Протокол № 73.pdf', 'C:\\Реестр протоколов\\Сопоставительная таблица № 73_39.pdf'),
	(358, 74, 'C:\\Реестр протоколов\\Протокол № 74.pdf', 'C:\\Реестр протоколов\\Сопоставительная таблица № 74_39.pdf'),
	(359, 74, 'C:\\Реестр протоколов\\Протокол № 74.pdf', 'C:\\Реестр протоколов\\Сопоставительная таблица № 74_40.pdf'),
	(360, 74, 'C:\\Реестр протоколов\\Протокол № 74.pdf', NULL),
	(364, 75, 'C:\\Реестр протоколов\\Протокол № 75.pdf', 'C:\\Реестр протоколов\\Сопоставительная таблица № 75_40.pdf'),
	(367, 76, 'C:\\Реестр протоколов\\Протокол № 76.pdf', 'C:\\Реестр протоколов\\Сопоставительная таблица № 76_40.pdf'),
	(368, 76, 'C:\\Реестр протоколов\\Протокол № 76.pdf', 'C:\\Реестр протоколов\\Сопоставительная таблица № 76_41.pdf'),
	(369, 76, 'C:\\Реестр протоколов\\Протокол № 76.pdf', NULL),
	(373, 77, 'C:\\Реестр протоколов\\Протокол № 77.pdf', 'C:\\Реестр протоколов\\Сопоставительная таблица № 77_41.pdf'),
	(376, 78, 'C:\\Реестр протоколов\\Протокол № 78.pdf', 'C:\\Реестр протоколов\\Сопоставительная таблица № 78_41.pdf'),
	(377, 78, 'C:\\Реестр протоколов\\Протокол № 78.pdf', 'C:\\Реестр протоколов\\Сопоставительная таблица № 78_42.pdf'),
	(378, 78, 'C:\\Реестр протоколов\\Протокол № 78.pdf', NULL),
	(382, 79, 'C:\\Реестр протоколов\\Протокол № 79.pdf', 'C:\\Реестр протоколов\\Сопоставительная таблица № 79_42.pdf'),
	(385, 80, 'C:\\Реестр протоколов\\Протокол № 80.pdf', 'C:\\Реестр протоколов\\Сопоставительная таблица № 80_42.pdf'),
	(386, 80, 'C:\\Реестр протоколов\\Протокол № 80.pdf', 'C:\\Реестр протоколов\\Сопоставительная таблица № 80_43.pdf'),
	(387, 80, 'C:\\Реестр протоколов\\Протокол № 80.pdf', NULL),
	(391, 81, 'C:\\Реестр протоколов\\Протокол № 81.pdf', 'C:\\Реестр протоколов\\Сопоставительная таблица № 81_43.pdf'),
	(394, 82, 'C:\\Реестр протоколов\\Протокол № 82.pdf', 'C:\\Реестр протоколов\\Сопоставительная таблица № 82_43.pdf'),
	(395, 82, 'C:\\Реестр протоколов\\Протокол № 82.pdf', 'C:\\Реестр протоколов\\Сопоставительная таблица № 82_44.pdf'),
	(396, 82, 'C:\\Реестр протоколов\\Протокол № 82.pdf', NULL),
	(400, 83, 'C:\\Реестр протоколов\\Протокол № 83.pdf', 'C:\\Реестр протоколов\\Сопоставительная таблица № 83_44.pdf'),
	(403, 84, 'C:\\Реестр протоколов\\Протокол № 84.pdf', 'C:\\Реестр протоколов\\Сопоставительная таблица № 84_44.pdf'),
	(404, 84, 'C:\\Реестр протоколов\\Протокол № 84.pdf', 'C:\\Реестр протоколов\\Сопоставительная таблица № 84_45.pdf'),
	(405, 84, 'C:\\Реестр протоколов\\Протокол № 84.pdf', NULL),
	(409, 85, 'C:\\Реестр протоколов\\Протокол № 85.pdf', 'C:\\Реестр протоколов\\Сопоставительная таблица № 85_45.pdf'),
	(412, 86, 'C:\\Реестр протоколов\\Протокол № 86.pdf', 'C:\\Реестр протоколов\\Сопоставительная таблица № 86_45.pdf'),
	(413, 86, 'C:\\Реестр протоколов\\Протокол № 86.pdf', 'C:\\Реестр протоколов\\Сопоставительная таблица № 86_46.pdf'),
	(414, 86, 'C:\\Реестр протоколов\\Протокол № 86.pdf', NULL),
	(418, 87, 'C:\\Реестр протоколов\\Протокол № 87.pdf', 'C:\\Реестр протоколов\\Сопоставительная таблица № 87_46.pdf'),
	(420, 88, 'C:\\Реестр протоколов\\Протокол № 88.pdf', 'C:\\Реестр протоколов\\Сопоставительная таблица № 88_46.pdf'),
	(421, 88, 'C:\\Реестр протоколов\\Протокол № 88.pdf', 'C:\\Реестр протоколов\\Сопоставительная таблица № 88_47.pdf'),
	(424, 89, 'C:\\Реестр протоколов\\Протокол № 89.pdf', 'C:\\Реестр протоколов\\Сопоставительная таблица № 89_47.pdf'),
	(426, 90, 'C:\\Реестр протоколов\\Протокол № 90.pdf', 'C:\\Реестр протоколов\\Сопоставительная таблица № 90_47.pdf'),
	(427, 90, 'C:\\Реестр протоколов\\Протокол № 90.pdf', 'C:\\Реестр протоколов\\Сопоставительная таблица № 90_48.pdf'),
	(430, 91, 'C:\\Реестр протоколов\\Протокол № 91.pdf', 'C:\\Реестр протоколов\\Сопоставительная таблица № 91_48.pdf'),
	(431, 92, 'C:\\Реестр протоколов\\Протокол № 92.pdf', 'C:\\Реестр протоколов\\Сопоставительная таблица № 92_48.pdf'),
	(434, 93, 'C:\\Реестр протоколов\\Протокол № 93.pdf', NULL),
	(437, 94, 'C:\\Реестр протоколов\\Протокол № 94.pdf', NULL),
	(441, 95, 'C:\\Реестр протоколов\\Протокол № 95.pdf', 'C:\\Реестр протоколов\\Сопоставительная таблица № 95_49.pdf'),
	(442, 95, 'C:\\Реестр протоколов\\Протокол № 95.pdf', NULL),
	(445, 96, 'C:\\Реестр протоколов\\Протокол № 96.pdf', 'C:\\Реестр протоколов\\Сопоставительная таблица № 96_49.pdf'),
	(448, 97, 'C:\\Реестр протоколов\\Протокол № 97.pdf', 'C:\\Реестр протоколов\\Сопоставительная таблица № 97_49.pdf'),
	(449, 97, 'C:\\Реестр протоколов\\Протокол № 97.pdf', 'C:\\Реестр протоколов\\Сопоставительная таблица № 97_50.pdf'),
	(450, 97, 'C:\\Реестр протоколов\\Протокол № 97.pdf', NULL),
	(454, 98, 'C:\\Реестр протоколов\\Протокол № 98.pdf', 'C:\\Реестр протоколов\\Сопоставительная таблица № 98_50.pdf'),
	(457, 99, 'C:\\Реестр протоколов\\Протокол № 99.pdf', 'C:\\Реестр протоколов\\Сопоставительная таблица № 99_50.pdf'),
	(458, 99, 'C:\\Реестр протоколов\\Протокол № 99.pdf', 'C:\\Реестр протоколов\\Сопоставительная таблица № 99_51.pdf'),
	(459, 99, 'C:\\Реестр протоколов\\Протокол № 99.pdf', NULL),
	(463, 100, 'C:\\Реестр протоколов\\Протокол № 100.pdf', 'C:\\Реестр протоколов\\Сопоставительная таблица № 100_51.pdf'),
	(466, 101, 'C:\\Реестр протоколов\\Протокол № 101.pdf', 'C:\\Реестр протоколов\\Сопоставительная таблица № 101_51.pdf'),
	(467, 101, 'C:\\Реестр протоколов\\Протокол № 101.pdf', 'C:\\Реестр протоколов\\Сопоставительная таблица № 101_52.pdf'),
	(468, 101, 'C:\\Реестр протоколов\\Протокол № 101.pdf', NULL),
	(472, 102, 'C:\\Реестр протоколов\\Протокол № 102.pdf', 'C:\\Реестр протоколов\\Сопоставительная таблица № 102_52.pdf'),
	(475, 103, 'C:\\Реестр протоколов\\Протокол № 103.pdf', 'C:\\Реестр протоколов\\Сопоставительная таблица № 103_52.pdf'),
	(476, 103, 'C:\\Реестр протоколов\\Протокол № 103.pdf', 'C:\\Реестр протоколов\\Сопоставительная таблица № 103_53.pdf'),
	(477, 103, 'C:\\Реестр протоколов\\Протокол № 103.pdf', NULL),
	(481, 104, 'C:\\Реестр протоколов\\Протокол № 104.pdf', 'C:\\Реестр протоколов\\Сопоставительная таблица № 104_53.pdf'),
	(484, 105, 'C:\\Реестр протоколов\\Протокол № 105.pdf', 'C:\\Реестр протоколов\\Сопоставительная таблица № 105_53.pdf'),
	(485, 105, 'C:\\Реестр протоколов\\Протокол № 105.pdf', 'C:\\Реестр протоколов\\Сопоставительная таблица № 105_54.pdf'),
	(486, 105, 'C:\\Реестр протоколов\\Протокол № 105.pdf', NULL),
	(490, 106, 'C:\\Реестр протоколов\\Протокол № 106.pdf', 'C:\\Реестр протоколов\\Сопоставительная таблица № 106_54.pdf'),
	(493, 107, 'C:\\Реестр протоколов\\Протокол № 107.pdf', 'C:\\Реестр протоколов\\Сопоставительная таблица № 107_54.pdf'),
	(494, 107, 'C:\\Реестр протоколов\\Протокол № 107.pdf', 'C:\\Реестр протоколов\\Сопоставительная таблица № 107_55.pdf'),
	(495, 107, 'C:\\Реестр протоколов\\Протокол № 107.pdf', NULL),
	(499, 108, 'C:\\Реестр протоколов\\Протокол № 108.pdf', 'C:\\Реестр протоколов\\Сопоставительная таблица № 108_55.pdf'),
	(502, 109, 'C:\\Реестр протоколов\\Протокол № 109.pdf', 'C:\\Реестр протоколов\\Сопоставительная таблица № 109_55.pdf'),
	(503, 109, 'C:\\Реестр протоколов\\Протокол № 109.pdf', 'C:\\Реестр протоколов\\Сопоставительная таблица № 109_56.pdf'),
	(504, 109, 'C:\\Реестр протоколов\\Протокол № 109.pdf', NULL),
	(508, 110, 'C:\\Реестр протоколов\\Протокол № 110.pdf', 'C:\\Реестр протоколов\\Сопоставительная таблица № 110_56.pdf'),
	(511, 111, 'C:\\Реестр протоколов\\Протокол № 111.pdf', 'C:\\Реестр протоколов\\Сопоставительная таблица № 111_56.pdf'),
	(512, 111, 'C:\\Реестр протоколов\\Протокол № 111.pdf', 'C:\\Реестр протоколов\\Сопоставительная таблица № 111_57.pdf'),
	(513, 111, 'C:\\Реестр протоколов\\Протокол № 111.pdf', NULL),
	(517, 112, 'C:\\Реестр протоколов\\Протокол № 112.pdf', 'C:\\Реестр протоколов\\Сопоставительная таблица № 112_57.pdf'),
	(520, 113, 'C:\\Реестр протоколов\\Протокол № 113.pdf', 'C:\\Реестр протоколов\\Сопоставительная таблица № 113_57.pdf'),
	(521, 113, 'C:\\Реестр протоколов\\Протокол № 113.pdf', 'C:\\Реестр протоколов\\Сопоставительная таблица № 113_58.pdf'),
	(522, 113, 'C:\\Реестр протоколов\\Протокол № 113.pdf', NULL),
	(526, 114, 'C:\\Реестр протоколов\\Протокол № 114.pdf', 'C:\\Реестр протоколов\\Сопоставительная таблица № 114_58.pdf');

TRUNCATE TABLE `purchases_db`.`winners`;
INSERT INTO `purchases_db`.`winners`
(`purchases_id`,
`winner_name`,
`initial_cost_thou_of_rub`,
`total_cost_thou_of_rub`)
VALUES
	(1, 'ООО Юнит; ООО Профи', 212, 210),
	(2, 'ООО Лабрадор; ДК Маяк', 2080, 2080),
	(3, 'ООО Восток-моторс НУр', 233, 233),
	(4, 'ООО Экология', 265, 233),
	(5, 'ООО Пургазсервис', 22, 20),
	(6, 'ООО Оксиген', 50, 45),
	(7, 'ЗАО Уралспецтранс', 4184, 3640),
	(8, 'ООО Защита', 1468, 1365),
	(9, 'ООО Промснаб', 969, 940),
	(10, 'ООО Метрикс', 536, 525),
	(11, 'ЗАО Все инструменты; ЗАО Арсенал', 612, 520),
	(12, 'ООО Энергосоюз', 505, 460),
	(13, 'ООО Точность', 157, 141),
	(15, 'АО Грандфос-Раша', 284, 250),
	(16, 'ООО Аудит', 1180, 1050),
	(17, 'ИП Андреев А. И.', 227, 225),
	(18, 'ООО Строймонтаж', 9796, 9600),
	(19, 'ЗАО Комус', 404, 388),
	(20, 'ООО Аттестация', 259, 228),
	(21, 'ООО Стройдар', 265, 228),
	(22, 'ЗАО НГ-Сервис', 567, 510),
	(23, 'ООО Имик лубрикантс', 1213, 1140),
	(24, 'ООО Лабприбор', 161, 137),
	(25, 'АО Вымпел-групп', 1552, 1350),
	(26, 'ЗАО Силовые машины', 3032, 2820),
	(27, 'ООО Химия', 162, 138),
	(28, 'ЗАО Ямалстрой', 108602, 101000),
	(29, 'ООО Мегабайт', 551, 485),
	(30, 'ООО Пожоборудование', 268, 255),
	(31, 'АО Восток-Сервис-Спецкомплект; ООО Техноавиа-Югра', 4847, 4750),
	(32, 'ООО Промет', 115730, 103000),
	(33, 'ЧОП Охрана', 16348, 14550),
	(34, 'ООО Ресурс-комплект', 80000, 75200),
	(35, 'ООО Партнёры-Ноябрьск', 5172, 4500),
	(36, 'ООО Партнёры-Ноябрьск', 2640, 2350),
	(37, 'МУП Северная медсанчасть', 1082, 920),
	(38, 'ЗАО Катунь', 14512, 12480),
	(39, 'ООО МИАЛ', 23908, 20800),
	(40, 'ООО Миал', 5611, 5050),
	(41, 'ЗАО Северная буровая компания', 1476923, 1344000),
	(42, 'ЗАО Интегра-Геофизика', 364000, 364000),
	(43, 'Отдел вневедомственной охраны', 163, 153),
	(44, 'ЗАО Контур', 20, 19),
	(45, 'МУП Пожохрана', 1195, 1040),
	(46, 'ИП Таможенный И. А.', 237, 235),
	(47, 'ООО Брокер', 238, 228),
	(48, 'Фирма 1С', 53, 45),
	(49, 'ООО Профи', 239, 229),
	(50, 'ООО Лабрадор; ДК Маяк', 2154, 2046),
	(51, 'ООО Восток-моторс НУр', 307, 270),
	(52, 'ООО Экология', 327, 281),
	(53, 'ООО Пургазсервис', 25, 22),
	(54, 'ООО Оксиген', 56, 51),
	(55, 'ООО Северснабкомплект', 1151, 1001),
	(56, 'ООО Метрикс', 599, 539),
	(57, 'ООО Северснабкомплект', 599, 545);